onset	duration	trial_type
0.0	459.20000000000016	MovieOn
459.20000000000016	0.0	MovieOff
