onset	duration	trial_type
0.0	471.20000000000016	MovieOn
471.20000000000016	0.0	MovieOff
