onset	duration	trial_type
0.0	475.20000000000016	MovieOn
475.20000000000016	0.0	MovieOff
