onset	duration	trial_type
0.0	282.4000000000001	MovieOn
282.4000000000001	0.0	MovieOff
